word,frequency,date
chatgpt,177,0310
ai,49,0310
use,16,0310
using,15,0310
new,14,0310
like,14,0310
gpt,14,0310
time,13,0310
chat,13,0310
next,12,0310
know,11,0310
asked,10,0310
im,10,0310
writing,10,0310
make,10,0310
write,10,0310
openai,9,0310
tools,9,0310
language,9,0310
resume,9,0310
via,8,0310
visual,8,0310
first,7,0310
learning,7,0310
life,7,0310
crypto,7,0310
dont,7,0310
chomsky,7,0310
one,7,0310
models,7,0310
video,7,0310
description,7,0310
thing,6,0310
would,6,0310
future,6,0310
us,6,0310
today,6,0310
got,6,0310
hype,6,0310
artificialintelligence,6,0310
going,6,0310
think,6,0310
used,6,0310
good,6,0310
try,6,0310
week,6,0310
help,6,0310
microsoft,6,0310
job,6,0310
social,5,0310
chatgpt,231,0311
ai,51,0311
like,19,0311
new,18,0311
using,18,0311
get,16,0311
week,15,0311
chat,15,0311
gpt,15,0311
im,15,0311
people,12,0311
make,12,0311
use,12,0311
write,12,0311
way,12,0311
microsoft,11,0311
next,11,0311
dont,11,0311
google,11,0311
visual,11,0311
even,10,0311
know,10,0311
ask,10,0311
asked,9,0311
also,9,0311
much,9,0311
day,9,0311
free,9,0311
last,9,0311
future,8,0311
work,8,0311
check,8,0311
life,8,0311
bing,7,0311
ive,7,0311
says,7,0311
better,7,0311
us,7,0311
times,7,0311
create,7,0311
app,7,0311
every,7,0311
could,7,0311
students,7,0311
used,7,0311
code,7,0311
images,7,0311
things,6,0311
said,6,0311
learning,6,0311
chatgpt,219,0312
ai,61,0312
like,25,0312
chat,19,0312
use,19,0312
write,18,0312
asked,17,0312
free,15,0312
new,13,0312
im,13,0312
ask,12,0312
writing,12,0312
make,12,0312
could,12,0312
next,12,0312
using,11,0312
one,11,0312
get,11,0312
going,11,0312
openai,11,0312
api,11,0312
time,11,0312
gpt,11,0312
first,10,0312
used,10,0312
good,10,0312
week,10,0312
much,9,0312
best,9,0312
tools,9,0312
even,8,0312
questions,8,0312
prompts,8,0312
would,8,0312
top,8,0312
cant,8,0312
ive,8,0312
dont,7,0312
doesnt,7,0312
answer,7,0312
data,7,0312
really,7,0312
take,7,0312
better,7,0312
people,7,0312
actually,7,0312
prompt,7,0312
visual,7,0312
language,6,0312
code,6,0312
chatgpt,195,0313
ai,71,0313
chat,23,0313
using,22,0313
use,20,0313
gpt,17,0313
like,16,0313
dont,15,0313
make,14,0313
see,14,0313
people,13,0313
free,13,0313
ask,11,0313
prompts,11,0313
work,10,0313
also,10,0313
new,10,0313
asked,10,0313
save,10,0313
would,9,0313
writing,9,0313
openai,9,0313
machinelearning,9,0313
next,9,0313
get,9,0313
know,9,0313
week,9,0313
language,9,0313
time,9,0313
much,8,0313
read,8,0313
say,8,0313
data,8,0313
still,8,0313
via,7,0313
first,7,0313
help,7,0313
models,7,0313
ideas,7,0313
create,7,0313
generate,7,0313
google,7,0313
good,7,0313
code,7,0313
crypto,7,0313
one,7,0313
tools,7,0313
bigdata,7,0313
blockchain,7,0313
tool,7,0313
chatgpt,280,0314
ai,77,0314
chat,37,0314
gpt,33,0314
like,28,0314
use,28,0314
using,26,0314
get,23,0314
im,21,0314
new,20,0314
asked,18,0314
write,17,0314
people,17,0314
first,16,0314
think,16,0314
know,16,0314
time,15,0314
us,15,0314
create,14,0314
used,14,0314
model,14,0314
openai,13,0314
would,13,0314
help,13,0314
much,12,0314
microsoft,12,0314
really,12,0314
one,11,0314
language,11,0314
prompts,10,0314
take,10,0314
could,10,0314
better,10,0314
good,10,0314
app,9,0314
work,9,0314
data,9,0314
cant,9,0314
future,9,0314
code,9,0314
tweet,9,0314
read,9,0314
google,9,0314
even,9,0314
made,8,0314
tech,8,0314
dont,8,0314
going,8,0314
go,8,0314
tools,8,0314
chatgpt,565,0315
ai,136,0315
chat,84,0315
openai,77,0315
like,71,0315
new,69,0315
gpt,63,0315
use,52,0315
asked,49,0315
write,44,0315
im,39,0315
get,37,0315
today,35,0315
know,33,0315
using,31,0315
good,31,0315
see,30,0315
one,30,0315
released,29,0315
people,28,0315
time,28,0315
even,26,0315
dont,25,0315
still,24,0315
first,23,0315
version,23,0315
next,23,0315
writing,22,0315
ask,22,0315
code,22,0315
make,22,0315
better,22,0315
really,22,0315
things,21,0315
tech,21,0315
exam,21,0315
need,21,0315
well,20,0315
work,20,0315
google,20,0315
right,20,0315
plus,20,0315
yet,19,0315
would,18,0315
bar,18,0315
could,18,0315
lot,17,0315
think,17,0315
doesnt,17,0315
model,17,0315
chatgpt,424,0316
ai,95,0316
chat,78,0316
gpt,53,0316
use,50,0316
like,49,0316
im,45,0316
write,41,0316
asked,41,0316
new,31,0316
using,30,0316
openai,28,0316
dont,27,0316
time,27,0316
think,25,0316
one,24,0316
ask,24,0316
make,24,0316
know,23,0316
people,22,0316
want,22,0316
code,22,0316
get,22,0316
see,22,0316
used,21,0316
would,19,0316
could,18,0316
work,17,0316
free,16,0316
better,16,0316
writing,16,0316
even,16,0316
help,16,0316
google,16,0316
go,16,0316
still,15,0316
cant,15,0316
going,15,0316
already,15,0316
future,14,0316
prompt,14,0316
way,14,0316
tech,14,0316
heres,14,0316
ive,14,0316
text,14,0316
really,13,0316
made,13,0316
everyone,13,0316
students,13,0316
chatgpt,415,0317
ai,95,0317
chat,58,0317
gpt,51,0317
like,47,0317
asked,44,0317
im,40,0317
using,36,0317
use,35,0317
write,32,0317
make,31,0317
know,28,0317
new,26,0317
time,25,0317
need,24,0317
get,24,0317
ive,23,0317
work,22,0317
prompt,21,0317
would,21,0317
much,21,0317
ask,20,0317
one,19,0317
openai,18,0317
dont,18,0317
code,18,0317
writing,17,0317
think,17,0317
see,17,0317
prompts,16,0317
first,16,0317
way,16,0317
made,15,0317
create,15,0317
could,15,0317
even,15,0317
really,15,0317
cant,15,0317
microsoft,14,0317
going,14,0317
every,14,0317
day,14,0317
crypto,14,0317
tools,14,0317
great,14,0317
thing,14,0317
take,14,0317
answer,13,0317
help,13,0317
got,13,0317
chatgpt,360,0318
ai,92,0318
chat,46,0318
like,36,0318
gpt,35,0318
asked,28,0318
im,26,0318
using,25,0318
write,25,0318
make,22,0318
use,21,0318
new,20,0318
get,20,0318
ask,19,0318
people,17,0318
time,17,0318
know,15,0318
work,15,0318
well,14,0318
good,14,0318
really,14,0318
human,14,0318
first,13,0318
one,13,0318
much,13,0318
also,13,0318
answer,13,0318
create,12,0318
help,12,0318
tech,12,0318
dont,12,0318
think,11,0318
going,11,0318
api,11,0318
free,11,0318
language,11,0318
see,11,0318
openai,11,0318
google,11,0318
better,10,0318
us,10,0318
heres,10,0318
used,10,0318
take,10,0318
question,10,0318
cant,10,0318
best,10,0318
check,10,0318
ive,9,0318
please,9,0318
chatgpt,343,0319
ai,63,0319
like,41,0319
chat,40,0319
gpt,40,0319
asked,31,0319
use,28,0319
using,28,0319
dont,27,0319
new,27,0319
good,23,0319
im,22,0319
ive,21,0319
get,21,0319
would,21,0319
write,21,0319
one,19,0319
make,18,0319
people,18,0319
see,18,0319
ask,17,0319
know,16,0319
help,16,0319
code,16,0319
way,15,0319
love,14,0319
writing,14,0319
work,14,0319
time,14,0319
thing,13,0319
used,13,0319
take,13,0319
openai,13,0319
nft,13,0319
create,12,0319
many,12,0319
hours,11,0319
want,11,0319
written,11,0319
going,11,0319
language,11,0319
art,11,0319
cant,11,0319
things,11,0319
first,11,0319
days,10,0319
job,10,0319
really,10,0319
learn,10,0319
thread,10,0319
chatgpt,376,0320
ai,103,0320
like,47,0320
chat,35,0320
write,31,0320
gpt,31,0320
using,30,0320
asked,30,0320
use,29,0320
im,28,0320
openai,26,0320
prompts,23,0320
people,22,0320
dont,22,0320
get,20,0320
one,20,0320
know,20,0320
make,19,0320
also,19,0320
new,19,0320
ask,18,0320
way,18,0320
would,18,0320
good,17,0320
prompt,17,0320
used,17,0320
writing,17,0320
could,16,0320
code,16,0320
see,15,0320
going,15,0320
already,15,0320
much,14,0320
time,14,0320
free,13,0320
next,13,0320
last,13,0320
read,13,0320
today,13,0320
take,13,0320
really,13,0320
data,12,0320
think,12,0320
got,12,0320
many,12,0320
tools,12,0320
create,11,0320
better,11,0320
list,11,0320
try,11,0320
chatgpt,490,0321
ai,93,0321
chat,58,0321
gpt,58,0321
like,52,0321
write,50,0321
use,49,0321
asked,41,0321
using,41,0321
get,37,0321
time,30,0321
new,29,0321
dont,28,0321
im,28,0321
job,27,0321
one,26,0321
code,25,0321
prompt,24,0321
people,24,0321
could,24,0321
think,23,0321
openai,23,0321
work,22,0321
bard,21,0321
know,20,0321
resume,20,0321
day,20,0321
google,20,0321
good,19,0321
right,18,0321
today,18,0321
going,18,0321
ask,18,0321
need,17,0321
still,17,0321
language,17,0321
first,17,0321
years,17,0321
see,16,0321
would,16,0321
things,16,0321
want,16,0321
make,16,0321
also,15,0321
us,15,0321
got,15,0321
next,15,0321
youre,15,0321
users,15,0321
doesnt,14,0321
chatgpt,463,0322
ai,114,0322
bard,59,0322
use,54,0322
like,54,0322
chat,51,0322
gpt,47,0322
asked,45,0322
write,43,0322
google,42,0322
using,38,0322
new,33,0322
make,32,0322
people,32,0322
im,30,0322
get,27,0322
think,25,0322
time,25,0322
first,23,0322
cant,23,0322
dont,22,0322
tool,21,0322
work,20,0322
access,20,0322
create,20,0322
better,19,0322
help,19,0322
actually,18,0322
know,18,0322
could,18,0322
code,18,0322
us,17,0322
generate,17,0322
openai,17,0322
prompt,16,0322
much,16,0322
right,16,0322
ask,16,0322
one,15,0322
heres,15,0322
questions,15,0322
free,15,0322
chatgptyearn,15,0322
ive,15,0322
used,15,0322
world,14,0322
see,14,0322
would,14,0322
gave,14,0322
good,14,0322
chatgpt,398,0323
ai,86,0323
chat,48,0323
gpt,44,0323
write,40,0323
like,38,0323
new,37,0323
use,34,0323
using,33,0323
asked,32,0323
im,29,0323
bard,26,0323
one,25,0323
get,24,0323
first,23,0323
google,20,0323
even,19,0323
code,18,0323
used,18,0323
think,18,0323
writing,16,0323
openai,16,0323
prompt,16,0323
better,16,0323
time,16,0323
much,15,0323
day,15,0323
help,14,0323
see,14,0323
thank,14,0323
language,14,0323
data,14,0323
hours,14,0323
would,13,0323
got,13,0323
people,13,0323
make,13,0323
could,13,0323
today,13,0323
know,12,0323
dont,12,0323
heres,12,0323
us,12,0323
thing,12,0323
share,11,0323
ive,11,0323
good,11,0323
understand,11,0323
tools,11,0323
need,11,0323
chatgpt,615,0324
ai,133,0324
plugins,102,0324
new,82,0324
like,63,0324
plugin,60,0324
openai,55,0324
use,55,0324
get,50,0324
using,38,0324
chat,36,0324
asked,35,0324
write,34,0324
im,33,0324
gpt,31,0324
people,31,0324
code,30,0324
make,29,0324
google,27,0324
internet,27,0324
think,27,0324
tools,26,0324
going,25,0324
know,24,0324
one,23,0324
ask,23,0324
language,22,0324
web,22,0324
access,22,0324
time,21,0324
world,21,0324
data,21,0324
twitter,21,0324
today,20,0324
way,20,0324
would,20,0324
free,20,0324
dont,20,0324
take,19,0324
also,19,0324
create,19,0324
answer,19,0324
app,19,0324
want,18,0324
many,18,0324
help,18,0324
build,18,0324
go,18,0324
ive,17,0324
things,17,0324
chatgpt,450,0325
ai,88,0325
use,48,0325
like,39,0325
openai,38,0325
chat,36,0325
using,34,0325
write,33,0325
plugin,33,0325
new,30,0325
im,29,0325
plugins,29,0325
asked,28,0325
gpt,28,0325
one,27,0325
code,23,0325
data,23,0325
get,22,0325
used,21,0325
people,21,0325
dont,21,0325
time,20,0325
know,20,0325
going,19,0325
create,19,0325
see,18,0325
make,17,0325
prompts,17,0325
think,17,0325
thing,17,0325
prompt,17,0325
could,17,0325
tell,16,0325
heres,16,0325
way,16,0325
google,15,0325
got,15,0325
someone,15,0325
future,15,0325
want,14,0325
really,14,0325
job,14,0325
need,14,0325
email,14,0325
also,13,0325
generate,13,0325
many,13,0325
tech,13,0325
build,13,0325
content,13,0325
chatgpt,346,0326
ai,92,0326
like,51,0326
using,36,0326
gpt,36,0326
asked,32,0326
chat,31,0326
use,29,0326
write,29,0326
im,27,0326
new,25,0326
openai,24,0326
dont,23,0326
one,23,0326
people,21,0326
plugin,21,0326
get,18,0326
think,18,0326
plugins,17,0326
work,17,0326
heres,17,0326
tools,16,0326
human,15,0326
make,15,0326
see,15,0326
data,14,0326
chatgptyearn,14,0326
prompt,14,0326
ask,14,0326
things,13,0326
going,13,0326
ive,13,0326
way,12,0326
time,12,0326
need,12,0326
writing,12,0326
much,12,0326
learn,12,0326
would,12,0326
also,11,0326
know,11,0326
thing,11,0326
tool,11,0326
good,11,0326
without,11,0326
got,11,0326
want,11,0326
create,11,0326
week,10,0326
right,10,0326
chatgpt,491,0327
ai,113,0327
like,58,0327
using,52,0327
chat,48,0327
asked,46,0327
gpt,46,0327
use,42,0327
write,39,0327
get,33,0327
new,33,0327
ask,29,0327
one,28,0327
time,28,0327
dont,27,0327
good,26,0327
think,25,0327
make,24,0327
people,24,0327
first,23,0327
want,22,0327
openai,21,0327
see,21,0327
im,21,0327
know,21,0327
much,20,0327
something,19,0327
code,18,0327
would,17,0327
used,17,0327
work,17,0327
lot,16,0327
every,16,0327
prompts,16,0327
language,16,0327
plugins,16,0327
ive,16,0327
going,16,0327
prompt,16,0327
also,15,0327
got,15,0327
today,15,0327
idea,15,0327
world,15,0327
better,14,0327
create,14,0327
model,14,0327
really,14,0327
give,14,0327
day,14,0327
chatgpt,591,0328
ai,111,0328
use,54,0328
like,53,0328
chat,50,0328
using,46,0328
asked,45,0328
gpt,40,0328
good,34,0328
write,33,0328
get,32,0328
im,31,0328
new,30,0328
people,29,0328
work,28,0328
make,27,0328
time,27,0328
plugins,26,0328
one,25,0328
ask,25,0328
openai,24,0328
used,24,0328
way,24,0328
think,24,0328
dont,23,0328
even,23,0328
questions,23,0328
want,23,0328
free,22,0328
code,22,0328
google,21,0328
going,21,0328
data,20,0328
writing,20,0328
create,20,0328
things,20,0328
prompt,19,0328
internet,19,0328
access,19,0328
best,18,0328
need,18,0328
would,18,0328
got,18,0328
app,18,0328
take,17,0328
better,17,0328
many,17,0328
text,17,0328
also,17,0328
ive,17,0328
chatgpt,496,0329
ai,121,0329
use,70,0329
gpt,55,0329
chat,53,0329
like,52,0329
im,45,0329
using,44,0329
asked,41,0329
get,40,0329
one,37,0329
new,37,0329
code,37,0329
openai,34,0329
write,33,0329
know,29,0329
make,28,0329
would,27,0329
ask,27,0329
work,27,0329
dont,27,0329
people,26,0329
plugins,24,0329
time,24,0329
going,23,0329
ive,21,0329
need,21,0329
take,20,0329
app,20,0329
prompts,20,0329
say,20,0329
data,20,0329
good,20,0329
much,20,0329
also,20,0329
writing,19,0329
see,19,0329
plugin,19,0329
help,19,0329
first,18,0329
model,18,0329
research,17,0329
youre,17,0329
access,17,0329
find,17,0329
text,16,0329
job,16,0329
prompt,16,0329
world,16,0329
language,16,0329
chatgpt,459,0330
ai,130,0330
chat,52,0330
like,49,0330
gpt,47,0330
new,46,0330
asked,41,0330
use,31,0330
im,29,0330
time,29,0330
ask,28,0330
using,27,0330
write,27,0330
free,27,0330
people,26,0330
one,26,0330
google,24,0330
openai,22,0330
dont,21,0330
first,20,0330
work,19,0330
know,19,0330
prompt,19,0330
good,19,0330
better,18,0330
need,18,0330
even,18,0330
best,18,0330
think,18,0330
could,17,0330
writing,17,0330
way,16,0330
used,16,0330
right,16,0330
want,16,0330
make,16,0330
questions,15,0330
code,15,0330
today,15,0330
day,15,0330
get,15,0330
help,15,0330
question,15,0330
made,14,0330
see,14,0330
something,14,0330
going,14,0330
content,13,0330
data,13,0330
access,13,0330
chatgpt,525,0331
ai,128,0331
data,54,0331
using,47,0331
chat,45,0331
italy,44,0331
asked,43,0331
like,43,0331
use,40,0331
gpt,40,0331
time,34,0331
dont,33,0331
write,33,0331
privacy,33,0331
code,32,0331
im,31,0331
new,30,0331
openai,30,0331
get,29,0331
ask,24,0331
us,23,0331
think,22,0331
people,21,0331
help,20,0331
work,20,0331
good,18,0331
banned,18,0331
make,17,0331
say,17,0331
google,17,0331
news,17,0331
first,17,0331
app,17,0331
one,17,0331
writing,17,0331
would,17,0331
much,16,0331
best,16,0331
said,16,0331
day,15,0331
want,15,0331
still,15,0331
see,15,0331
chatbot,15,0331
need,15,0331
create,15,0331
talk,14,0331
going,14,0331
way,14,0331
ive,14,0331
chatgpt,409,0401
ai,94,0401
italy,59,0401
data,48,0401
chat,44,0401
openai,42,0401
gpt,41,0401
privacy,36,0401
new,34,0401
like,33,0401
asked,28,0401
using,26,0401
people,25,0401
write,25,0401
banned,23,0401
use,23,0401
one,23,0401
time,22,0401
twitter,22,0401
know,21,0401
dont,20,0401
cant,19,0401
get,19,0401
im,18,0401
first,18,0401
make,17,0401
italian,17,0401
going,17,0401
human,16,0401
even,16,0401
world,15,0401
would,15,0401
free,15,0401
ask,15,0401
chatbot,14,0401
youre,14,0401
ive,14,0401
us,14,0401
prompt,14,0401
day,14,0401
today,14,0401
concerns,13,0401
google,13,0401
tools,12,0401
personal,12,0401
ban,12,0401
model,12,0401
said,12,0401
way,12,0401
intelligence,12,0401
chatgpt,1830,0402
ai,581,0402
chat,185,0402
gpt,184,0402
openai,166,0402
use,112,0402
like,106,0402
new,106,0402
using,106,0402
data,91,0402
asked,90,0402
italy,89,0402
get,89,0402
write,82,0402
im,81,0402
google,76,0402
make,69,0402
via,66,0402
think,61,0402
time,61,0402
ask,60,0402
technology,59,0402
one,55,0402
code,54,0402
bard,54,0402
know,53,0402
people,53,0402
language,52,0402
good,50,0402
privacy,49,0402
youtube,47,0402
create,47,0402
content,47,0402
got,47,0402
midjourney,46,0402
concerns,46,0402
help,45,0402
could,45,0402
see,45,0402
would,45,0402
business,45,0402
world,44,0402
made,44,0402
better,43,0402
tools,42,0402
future,41,0402
first,41,0402
human,41,0402
artificialintelligence,41,0402
writing,40,0402
chatgpt,381,0403
ai,109,0403
like,41,0403
chat,39,0403
gpt,39,0403
using,33,0403
make,26,0403
use,26,0403
new,25,0403
write,24,0403
content,24,0403
asked,22,0403
get,22,0403
dont,21,0403
ask,19,0403
way,18,0403
one,18,0403
im,18,0403
time,17,0403
work,17,0403
data,17,0403
prompt,16,0403
could,16,0403
things,16,0403
us,15,0403
code,15,0403
would,15,0403
used,14,0403
people,14,0403
good,14,0403
may,13,0403
openai,13,0403
even,13,0403
help,13,0403
better,13,0403
create,13,0403
ive,13,0403
students,13,0403
best,12,0403
youre,12,0403
first,12,0403
take,12,0403
tools,12,0403
something,12,0403
cant,12,0403
free,11,0403
post,11,0403
coding,11,0403
writing,11,0403
really,11,0403
chatgpt,410,0404
ai,97,0404
like,44,0404
use,41,0404
write,36,0404
using,34,0404
new,34,0404
get,31,0404
chat,30,0404
asked,28,0404
openai,21,0404
gpt,21,0404
im,20,0404
code,19,0404
dont,19,0404
would,19,0404
heres,19,0404
google,17,0404
us,17,0404
good,17,0404
time,16,0404
one,16,0404
tools,16,0404
help,16,0404
search,16,0404
see,15,0404
could,15,0404
data,15,0404
today,15,0404
think,15,0404
know,15,0404
free,15,0404
ive,14,0404
make,14,0404
better,14,0404
answer,14,0404
also,13,0404
want,13,0404
really,13,0404
cant,13,0404
people,13,0404
work,13,0404
go,12,0404
ask,12,0404
questions,12,0404
chatbot,12,0404
writing,12,0404
prompt,12,0404
used,11,0404
future,11,0404
chatgpt,394,0405
ai,99,0405
chat,50,0405
use,46,0405
like,45,0405
gpt,40,0405
using,39,0405
get,37,0405
asked,29,0405
write,28,0405
new,28,0405
got,27,0405
data,23,0405
know,23,0405
im,22,0405
people,22,0405
one,21,0405
would,20,0405
make,20,0405
think,19,0405
openai,19,0405
time,19,0405
banned,18,0405
help,18,0405
code,18,0405
today,17,0405
cant,17,0405
made,17,0405
could,16,0405
many,16,0405
ask,16,0405
read,16,0405
asking,16,0405
ive,16,0405
heres,15,0405
good,15,0405
work,15,0405
create,15,0405
dont,15,0405
us,14,0405
even,14,0405
free,14,0405
way,14,0405
writing,14,0405
generate,13,0405
take,13,0405
prompt,13,0405
students,12,0405
see,12,0405
future,12,0405
chatgpt,437,0406
ai,136,0406
asked,42,0406
using,41,0406
chat,41,0406
gpt,37,0406
use,36,0406
write,35,0406
new,34,0406
like,33,0406
get,29,0406
dont,26,0406
time,26,0406
im,25,0406
openai,24,0406
google,23,0406
people,21,0406
one,21,0406
made,20,0406
content,19,0406
make,19,0406
would,19,0406
cant,19,0406
create,19,0406
know,18,0406
even,18,0406
need,17,0406
questions,17,0406
first,17,0406
us,16,0406
much,16,0406
writing,15,0406
used,15,0406
good,15,0406
whatsapp,15,0406
see,14,0406
free,14,0406
never,14,0406
going,13,0406
article,13,0406
tools,13,0406
ive,13,0406
heres,13,0406
tool,12,0406
got,12,0406
today,12,0406
ask,12,0406
learn,12,0406
things,12,0406
response,12,0406
chatgpt,399,0407
ai,107,0407
use,48,0407
like,47,0407
chat,41,0407
gpt,37,0407
asked,36,0407
new,29,0407
people,27,0407
using,26,0407
write,26,0407
openai,24,0407
writing,23,0407
data,22,0407
one,21,0407
even,21,0407
first,19,0407
dont,18,0407
im,18,0407
time,17,0407
good,15,0407
work,15,0407
way,15,0407
think,14,0407
would,14,0407
used,14,0407
tools,14,0407
google,13,0407
better,13,0407
get,13,0407
best,13,0407
could,13,0407
us,13,0407
search,13,0407
want,13,0407
things,12,0407
future,12,0407
going,12,0407
youre,12,0407
make,12,0407
prompt,12,0407
ive,12,0407
right,12,0407
read,11,0407
making,11,0407
got,11,0407
see,11,0407
code,11,0407
italy,11,0407
help,11,0407
chatgpt,300,0408
ai,81,0408
chat,43,0408
gpt,38,0408
use,32,0408
like,26,0408
using,26,0408
dont,23,0408
get,20,0408
data,18,0408
openai,17,0408
code,17,0408
used,15,0408
new,15,0408
work,15,0408
asked,14,0408
im,14,0408
free,14,0408
know,13,0408
time,13,0408
really,13,0408
language,13,0408
help,12,0408
would,12,0408
one,12,0408
ask,12,0408
google,12,0408
us,12,0408
writing,11,0408
write,11,0408
even,11,0408
lot,11,0408
best,10,0408
way,10,0408
people,10,0408
world,10,0408
bot,10,0408
think,10,0408
good,9,0408
right,9,0408
love,9,0408
heres,9,0408
tool,9,0408
could,9,0408
thats,9,0408
prompts,9,0408
made,9,0408
better,9,0408
actually,9,0408
tech,9,0408
chatgpt,276,0409
ai,67,0409
like,38,0409
chat,31,0409
gpt,29,0409
use,26,0409
time,19,0409
dont,16,0409
people,16,0409
write,16,0409
much,16,0409
asked,16,0409
ask,15,0409
writing,15,0409
using,15,0409
openai,14,0409
prompt,14,0409
data,13,0409
new,13,0409
see,12,0409
every,12,0409
im,12,0409
help,12,0409
questions,11,0409
one,11,0409
going,11,0409
make,11,0409
work,11,0409
marketing,11,0409
could,11,0409
months,11,0409
get,10,0409
day,10,0409
even,10,0409
heres,10,0409
read,10,0409
plugins,10,0409
free,10,0409
content,10,0409
ive,10,0409
need,9,0409
know,9,0409
way,9,0409
made,9,0409
tech,9,0409
best,8,0409
try,8,0409
story,8,0409
language,8,0409
would,8,0409
chatgpt,314,0410
ai,82,0410
like,33,0410
use,29,0410
chat,29,0410
gpt,28,0410
asked,24,0410
im,23,0410
new,23,0410
using,23,0410
write,23,0410
get,22,0410
people,19,0410
time,18,0410
prompts,17,0410
dont,17,0410
need,17,0410
code,17,0410
openai,16,0410
create,16,0410
help,15,0410
hours,15,0410
want,14,0410
content,14,0410
think,13,0410
google,13,0410
work,13,0410
take,13,0410
learn,13,0410
actually,12,0410
data,12,0410
best,12,0410
twitter,12,0410
one,11,0410
tools,11,0410
way,11,0410
prompt,11,0410
text,10,0410
would,10,0410
know,10,0410
even,10,0410
learning,10,0410
heres,10,0410
right,10,0410
job,9,0410
top,9,0410
tech,9,0410
two,9,0410
things,9,0410
could,9,0410
chatgpt,368,0411
ai,115,0411
like,48,0411
chat,47,0411
gpt,46,0411
using,35,0411
time,31,0411
use,30,0411
get,29,0411
im,29,0411
new,28,0411
write,27,0411
prompt,25,0411
asked,24,0411
need,24,0411
one,23,0411
people,22,0411
help,22,0411
dont,21,0411
language,20,0411
code,19,0411
data,18,0411
really,17,0411
know,17,0411
work,17,0411
think,16,0411
better,16,0411
create,16,0411
search,16,0411
openai,15,0411
best,15,0411
see,15,0411
content,14,0411
question,14,0411
models,14,0411
good,14,0411
way,13,0411
tools,13,0411
find,13,0411
please,12,0411
today,12,0411
used,12,0411
could,12,0411
ask,12,0411
around,12,0411
going,12,0411
prompts,12,0411
something,11,0411
ive,11,0411
try,11,0411
chatgpt,363,0412
ai,107,0412
like,54,0412
chat,44,0412
gpt,39,0412
use,38,0412
new,34,0412
using,33,0412
people,31,0412
know,29,0412
im,26,0412
openai,23,0412
asked,22,0412
one,20,0412
much,20,0412
get,20,0412
us,18,0412
think,18,0412
work,18,0412
dont,18,0412
tools,17,0412
write,17,0412
time,16,0412
ask,16,0412
best,15,0412
make,15,0412
made,15,0412
good,14,0412
whatsapp,14,0412
help,14,0412
would,13,0412
need,13,0412
future,13,0412
prompt,13,0412
model,13,0412
every,12,0412
world,12,0412
got,12,0412
say,12,0412
still,12,0412
language,12,0412
text,12,0412
even,11,0412
users,11,0412
first,11,0412
today,11,0412
questions,11,0412
used,11,0412
via,11,0412
making,11,0412
chatgpt,392,0413
ai,76,0413
use,50,0413
like,43,0413
using,36,0413
new,32,0413
make,28,0413
get,25,0413
write,25,0413
chat,25,0413
gpt,25,0413
work,23,0413
asked,22,0413
know,21,0413
time,21,0413
help,21,0413
people,21,0413
openai,20,0413
prompt,19,0413
dont,17,0413
data,16,0413
code,16,0413
tools,16,0413
free,15,0413
ive,15,0413
even,15,0413
youre,14,0413
generate,14,0413
day,14,0413
autogpt,14,0413
google,14,0413
first,13,0413
language,13,0413
want,13,0413
text,13,0413
used,13,0413
well,13,0413
one,13,0413
prompts,13,0413
much,13,0413
way,13,0413
would,12,0413
models,12,0413
talk,12,0413
got,12,0413
bahati,12,0413
best,12,0413
writing,12,0413
heres,12,0413
reece,12,0413
chatgpt,321,0414
ai,110,0414
use,46,0414
like,38,0414
chat,30,0414
using,27,0414
gpt,25,0414
im,23,0414
make,22,0414
write,20,0414
new,19,0414
tools,18,0414
know,18,0414
asked,17,0414
time,16,0414
one,16,0414
free,15,0414
get,14,0414
dont,14,0414
used,13,0414
also,13,0414
could,13,0414
help,13,0414
data,13,0414
tool,12,0414
build,12,0414
heres,12,0414
openai,12,0414
see,12,0414
think,12,0414
generative,11,0414
need,11,0414
good,11,0414
better,11,0414
another,10,0414
prompts,10,0414
check,10,0414
much,10,0414
level,10,0414
got,10,0414
really,10,0414
content,10,0414
well,10,0414
way,10,0414
people,10,0414
many,10,0414
go,10,0414
questions,9,0414
miguna,9,0414
powerful,9,0414
chatgpt,386,0415
ai,140,0415
gpt,45,0415
chat,43,0415
using,41,0415
like,41,0415
new,37,0415
use,34,0415
one,29,0415
free,28,0415
asked,27,0415
write,27,0415
openai,27,0415
google,26,0415
elon,25,0415
time,24,0415
prompt,23,0415
musk,23,0415
ask,22,0415
work,22,0415
help,21,0415
know,21,0415
tech,21,0415
dont,21,0415
good,19,0415
better,18,0415
make,17,0415
create,17,0415
get,17,0415
people,17,0415
im,17,0415
build,16,0415
think,16,0415
artificialintelligence,16,0415
writing,16,0415
ive,16,0415
next,15,0415
even,15,0415
data,14,0415
say,14,0415
rival,14,0415
research,13,0415
many,13,0415
see,13,0415
used,12,0415
tool,12,0415
take,12,0415
want,12,0415
lot,12,0415
code,12,0415
chatgpt,385,0416
ai,121,0416
use,44,0416
like,43,0416
using,33,0416
chat,31,0416
one,31,0416
gpt,30,0416
people,30,0416
asked,26,0416
time,24,0416
new,22,0416
im,21,0416
even,20,0416
make,20,0416
good,19,0416
would,19,0416
dont,19,0416
prompt,19,0416
know,18,0416
get,17,0416
help,16,0416
write,16,0416
five,16,0416
openai,16,0416
work,16,0416
really,15,0416
ask,15,0416
prompts,14,0416
thats,14,0416
replace,14,0416
today,13,0416
code,13,0416
well,13,0416
best,13,0416
heres,13,0416
twitter,13,0416
data,12,0416
could,12,0416
used,12,0416
questions,12,0416
generativeai,12,0416
writing,12,0416
create,12,0416
need,12,0416
future,12,0416
content,12,0416
artificialintelligence,11,0416
next,11,0416
lot,11,0416
chatgpt,520,0417
ai,189,0417
use,54,0417
like,53,0417
write,49,0417
asked,42,0417
using,38,0417
chat,37,0417
gpt,35,0417
google,34,0417
dont,33,0417
new,31,0417
people,31,0417
im,30,0417
one,30,0417
time,28,0417
get,27,0417
work,26,0417
create,25,0417
think,22,0417
content,22,0417
openai,22,0417
going,22,0417
tools,22,0417
make,21,0417
life,21,0417
ask,20,0417
code,20,0417
us,19,0417
autogpt,19,0417
help,19,0417
bing,19,0417
know,18,0417
first,18,0417
project,18,0417
also,18,0417
day,18,0417
good,17,0417
prompts,17,0417
need,17,0417
prompt,16,0417
search,16,0417
see,15,0417
future,15,0417
best,15,0417
world,15,0417
better,15,0417
human,15,0417
got,15,0417
never,15,0417
chatgpt,652,0418
ai,237,0418
gpt,78,0418
use,75,0418
chat,75,0418
like,58,0418
using,55,0418
people,50,0418
new,46,0418
time,45,0418
get,44,0418
im,41,0418
elon,39,0418
openai,39,0418
asked,38,0418
one,38,0418
musk,36,0418
good,35,0418
dont,33,0418
writing,31,0418
create,30,0418
help,29,0418
first,29,0418
write,29,0418
best,29,0418
truthgpt,28,0418
would,26,0418
work,26,0418
see,26,0418
even,25,0418
think,25,0418
google,25,0418
tools,24,0418
life,24,0418
want,23,0418
code,23,0418
used,23,0418
future,22,0418
ask,22,0418
make,22,0418
says,22,0418
hard,22,0418
technology,22,0418
could,22,0418
prompt,22,0418
research,21,0418
going,21,0418
us,21,0418
also,21,0418
learn,20,0418
chatgpt,624,0419
ai,229,0419
like,82,0419
gpt,54,0419
chat,54,0419
using,52,0419
asked,47,0419
time,47,0419
use,46,0419
new,43,0419
five,40,0419
im,39,0419
get,38,0419
write,36,0419
help,36,0419
people,35,0419
one,33,0419
make,31,0419
could,31,0419
prompts,30,0419
ask,29,0419
work,28,0419
know,27,0419
tools,25,0419
data,25,0419
yhdf,25,0419
dont,24,0419
openai,24,0419
nft,23,0419
midjourney,23,0419
research,22,0419
create,22,0419
prompt,21,0419
generative,21,0419
first,21,0419
think,20,0419
also,20,0419
good,20,0419
many,19,0419
free,19,0419
going,19,0419
even,19,0419
musk,19,0419
information,18,0419
questions,18,0419
need,18,0419
elon,18,0419
great,17,0419
well,17,0419
world,17,0419
chatgpt,534,0420
ai,182,0420
like,66,0420
use,61,0420
chat,58,0420
gpt,57,0420
using,48,0420
write,45,0420
get,37,0420
people,36,0420
asked,34,0420
prompts,34,0420
im,33,0420
new,30,0420
good,29,0420
prompt,27,0420
one,25,0420
content,24,0420
writing,23,0420
ask,22,0420
make,22,0420
free,22,0420
would,22,0420
even,21,0420
used,21,0420
help,21,0420
dont,20,0420
future,19,0420
see,19,0420
tools,19,0420
need,19,0420
know,17,0420
time,17,0420
best,17,0420
openai,17,0420
could,16,0420
us,16,0420
work,16,0420
today,16,0420
also,15,0420
try,15,0420
think,15,0420
create,15,0420
text,15,0420
language,14,0420
way,14,0420
search,14,0420
first,14,0420
better,14,0420
job,14,0420
chatgpt,550,0421
ai,173,0421
five,157,0421
yhdf,119,0421
like,65,0421
fivefive,58,0421
chat,47,0421
jus,46,0421
asked,44,0421
love,44,0421
using,41,0421
gpt,40,0421
new,40,0421
hoot,40,0421
write,36,0421
time,35,0421
dont,35,0421
im,33,0421
yhn,33,0421
use,32,0421
get,32,0421
one,30,0421
oystf,30,0421
people,29,0421
used,29,0421
good,28,0421
work,26,0421
first,25,0421
know,25,0421
free,25,0421
even,23,0421
tools,23,0421
prompt,23,0421
much,22,0421
make,22,0421
help,21,0421
world,20,0421
hll,20,0421
openai,19,0421
talk,19,0421
create,19,0421
code,19,0421
never,18,0421
would,18,0421
need,18,0421
youre,18,0421
better,17,0421
going,17,0421
prompts,17,0421
well,17,0421
chatgpt,382,0422
ai,133,0422
using,45,0422
chat,43,0422
like,41,0422
gpt,40,0422
use,34,0422
new,28,0422
write,28,0422
time,24,0422
get,24,0422
five,23,0422
prompt,23,0422
ive,20,0422
one,20,0422
used,19,0422
good,19,0422
would,19,0422
code,18,0422
going,18,0422
prompts,18,0422
im,17,0422
openai,17,0422
tools,17,0422
make,17,0422
see,17,0422
asked,16,0422
language,15,0422
ask,15,0422
dont,14,0422
google,14,0422
better,14,0422
want,13,0422
heres,13,0422
help,13,0422
could,12,0422
next,12,0422
learning,12,0422
know,12,0422
back,12,0422
years,12,0422
world,12,0422
build,11,0422
got,11,0422
yhdf,11,0422
read,11,0422
us,11,0422
free,11,0422
everything,10,0422
much,10,0422
chatgpt,148,0423
ai,39,0423
like,17,0423
chat,17,0423
gpt,17,0423
asked,17,0423
write,14,0423
get,14,0423
using,12,0423
one,11,0423
use,11,0423
im,11,0423
make,10,0423
new,9,0423
much,9,0423
data,8,0423
know,8,0423
hours,8,0423
would,8,0423
today,8,0423
time,8,0423
going,8,0423
openai,7,0423
think,7,0423
made,7,0423
ask,7,0423
used,6,0423
ive,6,0423
see,6,0423
never,6,0423
via,6,0423
take,6,0423
midjourney,6,0423
want,6,0423
talk,6,0423
language,6,0423
model,6,0423
help,6,0423
world,6,0423
minutes,5,0423
work,5,0423
code,5,0423
dont,5,0423
need,5,0423
story,5,0423
gave,5,0423
people,5,0423
also,5,0423
life,5,0423
cant,5,0423
