﻿parent_profession,profession,number_of_users
Technology,dreamboatai,0
Technology,codewithsemih,10
Technology,its_HemantK_,2
Technology,adam_kronemeyer,2
Technology,TheStuze,9
Technology,ylecun,329
Technology,TheTuringPost,52
Technology,boringtaskai,3
Technology,mbarinov,1
Technology,iamserda,3
Technology,Nerdgeekz,0
Technology,TomKoncan,1
Technology,neural_humans,13
Technology,dkokdemir,15
Technology,novels_ai,5
Technology,llm_sec,4
Technology,DavidLe05632255,3
Technology,ever1ofus,2
Technology,BrajBliss,1
Technology,luv__nella,0
Technology,hassanposts,7
Technology,cyber_b_mack,0
Technology,itsrealAJB,2
Technology,PrinceofSydney,65
Social Media Influencers,MoeThomas_Gar,0
Social Media Influencers,thesavvynurse,1
Social Media Influencers,rasidelslika,0
Social Media Influencers,Avocado_DAO,37
Social Media Influencers,TheRhysCJ,0
Other,Shopping & Retail,2
Music & Podcasts,MadisonJonas1,1
Music & Podcasts,atxafit,1
Music & Podcasts,ZenBoyTalk,3
Music & Podcasts,nctrnm,1
Music & Podcasts,sobeltomas,12
Other,Medical & Healthcare,1
Media & News,JenddalAden,1
Media & News,yahnyk,1
Media & News,mcislog,18
Media & News,kimdoyal,80
Media & News,android_polska,7
Media & News,mohamedmahmud,5
Media & News,TomasSanchezV,65
Media & News,Midarnews,498
Other,Marine,1
Finance & Consulting,michealeans,99
Finance & Consulting,allanrocha,1
Finance & Consulting,donaldwvoss,2
Finance & Consulting,modeler_sasha,1
Finance & Consulting,Marketeers_ai,3
Finance & Consulting,MsibiGroup,1
Finance & Consulting,YHagnere,4
Finance & Consulting,gopalmote,3
Entrepreneurs,shota7180,67315
Entrepreneurs,mialoira,46
Entrepreneurs,itsmethe_D,1
Entrepreneurs,ErikLaPaglia,207
Entrepreneurs,Abrar77Ahmed,29
Entrepreneurs,taherdhanera,2
Entrepreneurs,thomasamador,2
Entrepreneurs,MAamirAhmer,27
Entrepreneurs,0xMetaNeeR,10
Entrepreneurs,petervndr,0
Entrepreneurs,QuincyEdmundLee,10
Entrepreneurs,dylan_yeoman,0
Entertainment & Leisure,JuniConnects,3
Entertainment & Leisure,SunnyChowTheGuy,2
Entertainment & Leisure,benchwarmercr7,0
Entertainment & Leisure,malikbrixi,0
Education,ajaydigitalin,1
Education,im_swapnasagar,2
Education,New_Dictum,2
Education,rkmrajaram,13
Community,cedric130813,2
Community,Shiba1general,0
Community,BitMakeOfficial,98
Community,_E74AV_,3
Community,AINewsAitubo,7
Other,Automotive,1
Other,Artists,2
Advertising & Marketing,HBorka,0
Advertising & Marketing,webseospecialis,3
Advertising & Marketing,elliscopywritin,1
Advertising & Marketing,eagleyez7,10
Advertising & Marketing,ArtificialAds,5