﻿Usernames,likes,sumCommentsRetweets,followers,location,profession
karpathy,1179,7472,708000,United States,unknown
ylecun,20,309,491000,United States,科技
fchollet,149,1491,389000,United States,unknown
gdb,455,4192,332000,unknown,unknown
AndrewYNg,558,6041,791000,United States,unknown
_akhaliq,927,3663,170000,unknown,科技
omarsar0,1559,8255,135000,unknown,科技
DrJimFan,1142,7118,87000,unknown,科技
ai__pub,87,467,65000,unknown,unknown
AiBreakfast,569,3338,72000,unknown,unknown
soumithchintala,20,155,130000,United States,unknown
alfcnz,21,181,57000,United States,unknown
AlphaSignalAI,3861,24146,52000,unknown,unknown
jeremyphoward,2,140,177000,Australia,unknown
arankomatsuzaki,328,1290,50000,unknown,科技
woj_zaremba,230,2491,46000,United States,unknown
TheTuringPost,9,43,49000,United States,科技
abhi1thakur,14,192,67000,unknown,科技
elonmusk,54937,624641,130000000,unknown,unknown
TotoeCalcio,0,2,339,Italy,unknown
dhruvk0902,0,0,11,unknown,unknown
Siddhar05086147,0,0,41,unknown,unknown
Wouter_DS,0,1,157,Belgium,unknown
KimosabeC,0,8,232,unknown,unknown
TonysTakeOnTech,0,1,28,United States,unknown
Vusa81135547,0,1,8,Australia,unknown
The_Sonic_Guru,0,4,8,unknown,unknown
CarstenKermer,0,0,21,Germany,unknown
petervcook,0,1,309,unknown,unknown
HBorka,0,0,208,Zurich,广告和营销机构
HaronOga,0,0,108,Africa,unknown
smudge_green,0,3,9695,unknown,unknown
PrinceofSydney,13,52,11000,Australia,技术安全公司
ZMI_JLU,5,94,660,Germany,unknown
thomas_agius,0,5,96,Republic of Malta,unknown
gear_miles,2,9,41,unknown,unknown
ogveneco,0,3,246,Argentina,unknown
kaustubhpawar85,0,3,302,India,unknown
Silver206A,0,8,134,unknown,unknown
ajaydigitalin,0,1,61,India,教育
MoeThomas_Gar,0,0,36,Canada,社交媒体影响者
thesavvynurse,0,1,3702,Canada,Digital Creator
BlazeResearches,1,3,10,Nigeria,unknown
im_swapnasagar,0,2,791,India,教育
0xOatsabandon,0,1,107,unknown,unknown
DomainRobin,0,5,161,unknown,unknown
JuniConnects,1,2,99,Pakistan,娱乐和休闲
webseospecialis,0,3,17,India,广告和营销机构
pulastyamitra,0,0,16,unknown,unknown
WarisRuzi,0,1,52,Japan,unknown
HongchaoNie,0,0,30,The Netherlands,unknown
brohatyallah,0,0,46,unknown,unknown
pehamraza,0,4,1877,unknown,Software developer/Programmer/Software engineer
New_Dictum,0,2,1627,Pakistan,教育
EHONGON,0,2,4,unknown,unknown
_sou_dry,2,6,205,unknown,unknown
tamotamotamonn,0,4,46,unknown,unknown
AaltopahWi,0,3,158,unknown,unknown
QashifMehmood,1,4,207,unknown,unknown
tuti11270,0,0,5,unknown,unknown
singh_anuvesh,0,5,675,India,unknown
swainjo,0,2,1827,United Kingdom,unknown
dreamboatai,0,0,2,India,软件公司
el_tootho,0,0,485,Australia,unknown
kingbensonmusic,0,1,226,unknown,非政府组织和非营利组织 
codewithsemih,0,10,3,The Netherlands,Software developer/Programmer/Software engineer
FrankWh43087490,0,1,183,unknown,unknown
0xMpho,0,10,466,unknown,unknown
bryanS465311645,0,0,2,unknown,unknown
RobertJWayne,3,5,210,unknown,unknown
MarkusLeimen,0,2,2,unknown,unknown
GPT5blog,1,1,3,Germany,unknown
petkodonev777,0,3,29,unknown,unknown
kanujaya,0,2,1,unknown,unknown
chatdoc_ai,26,90,580,unknown,unknown
naletone,0,1,364,unknown,unknown
cedric130813,0,2,318,Singapore,社区
Marketeers_ai,0,3,8,Egypt,市场研究服务
chaudhryarifali,0,1,33,unknown,unknown
AndrzejPiotr10,0,12,8,unknown,unknown
boringtaskai,1,2,262,Indonesia,科技
jerrevdh,0,2,74,unknown,unknown
wizzdvd,0,0,248,United States,unknown
hausideenfabrik,0,2,3,unknown,企业家
lucas_wub,0,1,39,Portugal,unknown
conoro,0,18,3814,Ireland,unknown
Omercekadam0,0,1,37,unknown,unknown
tetyva,0,0,14,Ukraine,unknown
RobertoSegate,0,1,698,unknown,unknown
Azymtote76,0,0,36,unknown,unknown
ihormalovanyi,0,3,19,unknown,Software developer/Programmer/Software engineer
AI_Award,0,0,4,unknown,unknown
hideki19810220,1,5,140,Japan,unknown
YMKaoki,1,9,1063,Japan,unknown
IeInsights,21,31,783,unknown,unknown
kyakyarururu,0,1,176,unknown,unknown
py_jac,1,7,1137,Germany,unknown
mantra_sam,0,0,948,unknown,unknown
Theldor,0,0,5,unknown,unknown
Nexus68,0,0,463,unknown,unknown
miorcec,0,1,19,unknown,unknown
TikTokAstroNOT,0,8,56,unknown,unknown
KensiWellington,0,1,93,unknown,unknown
ladybossAU,0,2,122,unknown,unknown
Wealth_018,0,1,1,unknown,unknown
janieho16,1,6,1693,unknown,unknown
Armandotrue,0,0,908,unknown,unknown
vincos,5,9,27000,unknown,unknown
takoyaki2023cg,0,0,2,unknown,unknown
prakhonteur,0,0,1,unknown,unknown
mbarinov,0,1,555,Georgia,科技
simonevellei,4,43,71,Italy,unknown
Feiling_QwQ,0,14,3806,Japan,unknown
artfrazer,0,0,263,Ireland,unknown
MMV1joHhpz1lkJq,0,19,137,Japan,unknown
dotcomwhiz,4,14,1145,unknown,unknown
Crabbypixel,0,3,75,unknown,unknown
DrsWawanGH,0,0,5,Indonesia,unknown
mjbojdys,3,13,1318,unknown,unknown
Inyiak_rtn,0,4,132,Indonesia,艺术馆
tommytola,0,0,57,unknown,unknown
yairhochner,0,2,77,unknown,unknown
ZerghouniI,2,8,22,Canada,unknown
ProbablyRicky,1,3,0,United States,unknown
Bitcoin_Fam,0,0,34,unknown,unknown
technicallyhash,2,3,0,United Kingdom,unknown
chatGPT_GPT4,0,0,1,unknown,unknown
mr_fresher,0,0,212,unknown,unknown
Mr_AndersonTom,0,4,31,unknown,unknown
goldenhotplasma,0,1,184,unknown,科技
ilhankilic,0,1,1459,unknown,企业家
Saas_Baba,0,0,0,United States,unknown
Selria1,0,9,1039,unknown,unknown
iamConscius,0,1,76,unknown,unknown
AiHabit,0,0,3,United States,unknown
_TOTABLUE,0,5,34,Japan,unknown
gundamoba,1,2,576,unknown,unknown
busralcinar,0,30,746,unknown,Software developer/Programmer/Software engineer
Taijin59987905,8,189,2943,unknown,unknown
Hex_Giraffe,1,39,701,United States,unknown
iamserda,0,3,47,United States,科技
Airsaid1024,12,54,83,unknown,unknown
shota7180,11043,56272,49000,Japan,企业家
HalderNilimesh,1,6,7162,unknown,科技
vaibhavdusane_,0,0,109,unknown,unknown
a_wind_blow,0,1,201,Japan,unknown
SunnyChowTheGuy,0,2,1907,China,娱乐和休闲
tefoLec,0,0,17,Lesotho,unknown
ashleywen7,2,6,29,unknown,unknown
DeFinicus,0,8,38,unknown,unknown
jamlove48,0,0,5,unknown,unknown
alokparikh16,0,0,66,unknown,unknown
sunweijun123,0,1,2,unknown,unknown
JensFredrik,0,0,8,Sweden,unknown
michealeans,10,89,1053,Nigeria,专业服务
Namemarketc,4,13,116,unknown,专业服务
masay421,0,3,680,Japan,unknown
Enzi_NZ,0,5,2,unknown,unknown
Stphani27713364,1,4,1097,unknown,unknown
allanrocha,1,0,549,Denmark,专业服务
michael_pilolla,0,0,1,unknown,unknown
nickwodzisz,0,1,2,unknown,unknown
TakeTheGuns1st,0,3,66,unknown,unknown
Reyanshin,0,2,130,unknown,科技
ismailnehircom,0,0,12,Cyprus,unknown
fumokmm,13,62,2462,Japan,unknown
SUPPLIC98938224,0,0,22,Japan,unknown
DavidJa80403828,0,1,12,United States,unknown
kim_craig,1,5,1594,unknown,unknown
hiromitsu000321,0,3,469,unknown,unknown
fukushima5628,0,1,55,Japan,unknown
KWM_Neko,5,103,2823,unknown,艺术馆
leonard04335710,0,1,4,unknown,unknown
Nerdgeekz,0,0,213,unknown,科技
milena_forte,1,1,250,unknown,Academic
tsuruaki,7,27,15000,Japan,unknown
lordanakun,0,2,22,unknown,科技
Morriganathefae,0,0,417,Australia,unknown
pracheetim,3,15,1475,unknown,unknown
AylanX,1,12,9795,unknown,艺术家
AnnZhang2021,0,5,40,unknown,unknown
beginbotbot,3,38,7544,United States,unknown
MattStark1991,0,2,1608,unknown,unknown
marcelofdoprado,0,1,48,Brazil,unknown
fxbinczar,0,0,319,Indonesia,汽车
MadisonJonas1,0,1,33,United States,音乐制作人
_a7medmansour_,0,2,297,unknown,unknown
HaesDeas,0,1,5,unknown,unknown
napple2525,2,3,673,unknown,unknown
TheLocalCommie_,0,2,467,unknown,unknown
pit_hi_power,10,150,11000,unknown,unknown
kwm68,0,8,713,unknown,unknown
Moai21627615,0,0,8,unknown,unknown
koaeth,2,49,1283,unknown,unknown
xiaoming4nj,0,1,85,China,unknown
w0tt0n,0,2,0,unknown,unknown
nicholasnapp,0,2,206,United States,unknown
hrt_shi,7,26,293,unknown,unknown
kuberu_12,0,2,213,unknown,unknown
hclait1,0,1,3,unknown,unknown
421_misdirected,0,1,14,unknown,unknown
JerryDangMD,1,4,1112,unknown,unknown
DanielDaltz,0,3,26,unknown,unknown
twit_krgz,0,0,104,unknown,unknown
LeonhardtDerek,0,0,11,unknown,unknown
Digi_DaVinci,0,5,32,unknown,unknown
JGarboggini,0,3,5,unknown,unknown
We_Rock_On,0,0,299,unknown,unknown
SEOSPY3,0,0,100,unknown,unknown
2favre,0,2,3,unknown,娱乐和休闲
ebecerra999,0,6,52,China,unknown
FLISCOjamDesign,0,5,40,unknown,unknown
AkNiloy6,0,0,205,Bangladesh,unknown
mengzyou,0,0,47,China,unknown
JK_for_saber,0,2,1,unknown,unknown
Kurator_Tresci,0,10,376,unknown,unknown
ZentorJunior,0,0,6,Poland,unknown
gottinsan,0,2,60,Japan,unknown
tylerjone5,0,3,124,unknown,unknown
kimihiro_n,1,5,820,Japan,unknown
yasoja,0,0,44,Sri Lanka,unknown
miwa_california,10,13,10,United States,unknown
Jeffrey34947475,0,0,7,United States,unknown
mialoira,2,44,10000,United States,企业家
AIdea_wizard,0,1,0,unknown,unknown
runtheprompts,0,2,0,United States,unknown
it_nomin,2,1,0,unknown,汽车
sainthiiren,0,2,82,unknown,unknown
natuflor,0,2,128,unknown,unknown
read_with_jack,0,0,4,unknown,unknown
22_sakura369,0,2,330,unknown,unknown
rinte0321,0,4,78,unknown,unknown
lethalRiz,0,1,298,unknown,unknown
ManagerBattle,0,1,760,unknown,unknown
dougjnz,0,0,174,New Zealand,unknown
celes_iizuka,0,0,231,unknown,unknown
kyongshiii06,0,2,62,Japan,unknown
hlakkache,1,6,872,France,unknown
RaheemKareem,1,5,432,unknown,unknown
AlfredoFredboy,0,3,123,unknown,unknown
OsvUmpierrez,0,1,26,United States,unknown
_setarcos,2,34,224,Brazil,unknown
bushkander2,0,0,80,unknown,unknown
DexionSalgo,0,2,33,United States,unknown
healthy_sato,4,4,1351,Japan,社会公共服务
Mohamed3nan,0,1,5,unknown,unknown
JenddalAden,0,1,39,unknown,媒体和新闻公司
kdenlin,0,4,115,unknown,unknown
khalidmuzammil,0,0,62,unknown,unknown
YvonnePilon,0,14,10000,Canada,unknown
KaracaKlvz,0,0,29,unknown,unknown
TomaszWyszynski,2,11,146,Poland,unknown
KeitaroKitano,0,6,3517,Japan,媒体和新闻公司
piotr_mallek,0,24,15,Poland,unknown
D5600Ken,0,2,22,unknown,unknown
thekiexperience,0,2,17,unknown,科技
br0nn0,1,2,201,unknown,unknown
EliasGroll,15,32,4018,United States,unknown
eggshaman,0,0,23,unknown,unknown
ww00oort,0,0,245,unknown,unknown
elliscopywritin,1,0,147,United Kingdom,广告和营销机构
Thaller96791846,0,0,489,Austria,unknown
yahnyk,0,1,168,Jamaica,媒体和新闻公司
ReallyWindyCity,0,16,6,unknown,unknown
RobertTCornwell,0,1,58,Germany,unknown
JoeyRubin9,0,0,108,United States,unknown
HooverRobocop,0,1,35,United Kingdom,unknown
Keebinhand,0,0,7,unknown,unknown
felipevanderson,0,3,243,unknown,unknown
Nacx_CG,0,0,61,Korea,unknown
Pranjali1210,0,8,213,Rajasthan,unknown
mcislog,2,16,505,United States,媒体和新闻公司
2V9PWSYWwX78647,0,0,3,Japan,unknown
coffeinatus,0,1,51,Bratislava,unknown
rinks_nf,0,2,107,Japan,unknown
simon69196008,5,16,176,New Zealand,unknown
EngineerHaydn,0,0,19,United Kingdom,unknown
soyye,0,2,709,Maldives,unknown
StefFun,1,14,1731,unknown,unknown
oyariwa,0,9,1210,Japan,unknown
AliciaMcnatt,0,0,7,United States,unknown
KryssKipp,0,0,172,Spain,unknown
Gaploid,0,0,74,Germany,unknown
celacanto_angel,0,1,74,Spain,unknown
kimdoyal,8,72,19000,United States,媒体和新闻公司
neuralnomad69,0,2,12,unknown,科技
GenderNapalm,0,1,243,unknown,魔术师
itsmethe_D,0,1,119,Canada,企业家
CoronaTrading,0,0,1148,unknown,unknown
atxafit,0,1,12,Spain,音乐制作人
culturedpussy,0,0,459,United States,unknown
Sergio07,0,2,92,United States,unknown
NanceAlexia,0,0,28,unknown,unknown
CyBearNanook,0,2,1810,United Kingdom,unknown
unclehenry,0,1,8712,United States,unknown
rkmrajaram,4,9,16000,unknown,教育
ahmedfessi,2,10,90,France,unknown
akio_kx,0,0,1076,Japan,unknown
WMjjRpISUEt2QZZ,0,4,4,unknown,unknown
mo2_anz,0,2,428,unknown,unknown
NYYRecapsDerek,3,37,2727,unknown,unknown
7V5oI6xUUuOSyDi,1,3,296,unknown,unknown
zinellimattia,0,0,92,unknown,unknown
iamfv,0,6,454,unknown,unknown
coder_zi,0,5,15,unknown,unknown
PhippsyMon,0,0,381,unknown,unknown
CapitalKKay,0,1,25,unknown,unknown
FrankTatou,0,0,429,unknown,unknown
ptappink,0,0,607,unknown,unknown
theqruet,0,1,1,unknown,unknown
anaszyoud,0,0,122,unknown,unknown
dusha_golubec,0,64,411,The Netherlands,unknown
BrennanPailet,0,1,1173,unknown,unknown
AlAmin18237781,0,1,81,unknown,商业顾问
KhaledCyberAI,1,9,24,United States,unknown
PotatoTheories,0,0,2,United States,unknown
pantyu44,0,0,6,United States,unknown
linear250,0,1,37,China,unknown
DomanGPW,0,3,12,unknown,unknown
bittersweetrace,0,0,60,Brazil,unknown
robfritts,0,14,7,United States,unknown
ali_wetrill,0,3,658,United States,unknown
MartinMillnert,5,67,393,Sweden,unknown
alecberg,0,0,58000,unknown,科技
sbalhatlani,0,4,165,unknown,科技
theneedtobuild,0,0,3,Spain,unknown
SukoS_SukiS,0,0,19,unknown,unknown
Ant1oine,0,17,251,unknown,unknown
devben__,1,3,53,unknown,unknown
JonPincince,0,0,1382,United States,unknown
Mharon_odyuo,0,0,132,India,unknown
ErikLaPaglia,88,119,9193,United States,企业家
JSant3424,0,0,8,unknown,unknown
steeve,1211,3843,3583,France,unknown
mmaiarocha,0,1,190,Austria,unknown
crwilson84,0,3,192,United Kingdom,unknown
mkheck,3,17,18000,United States,unknown
Ma2sSeo,0,3,103,France,unknown
rifinio88,0,6,246,unknown,unknown
MichaelHall002,1,6,18,unknown,unknown
TomKoncan,0,1,150,Slovenia,科技
Abrar77Ahmed,1,28,65,United States,企业家
jusgilleyinatx,0,2,3,United States,unknown
Plambey,0,5,352,unknown,unknown
MatthewRagudo,0,0,40,unknown,unknown
nderim_bunjaku,0,1,1,unknown,unknown
hlithskjolf,0,5,2941,United States,unknown
KW3377,0,4,27,unknown,教育
BuyWithCryptos,0,0,0,unknown,unknown
donaldwvoss,0,2,7060,United States,专业服务
HubbubWorld,1,2,561,United States,医疗和保健
polarisminds,0,0,2,India,unknown
LTSmash420,4,3,5767,Canada,unknown
ZenBoyTalk,0,3,3,New Zealand,音乐制作人
wagmiwiz,2,29,745,United Kingdom,unknown
StarkShinn,0,0,13,unknown,娱乐和休闲
DennisNissenUX,0,2,7,unknown,unknown
ShanAbd,0,0,340,Australia,unknown
MeijerNijmegen,3,36,240,unknown,unknown
TheCookieSEO,0,0,2,unknown,unknown
phantastronaut,0,4,71,unknown,unknown
Chemamalaga,0,1,2844,Spain,unknown
chehendriksen,7,24,296,unknown,unknown
Shiba1general,0,0,4036,Japan,社区
BitcoinBunnys,3,10,2640,unknown,unknown
morqon,0,14,3428,unknown,unknown
belkibirbirey,0,3,453,Switzerland,unknown
neural_humans,0,13,4,unknown,科技
EyeofhorusC,0,0,122,unknown,unknown
TheFlyingwaspp,0,0,148,unknown,unknown
engineer_unreal,0,0,6,unknown,科技
sobeltomas,0,12,1665,Czech republic,播客
YoshieDev,0,2,30,unknown,科技
taherdhanera,0,2,1508,India,企业家
LeBagett,0,4,161,unknown,unknown
hannta226,0,7,25,Japan,游戏玩家
dkokdemir,3,12,27000,Turkey,科技
juniorsynnester,0,0,15,Nigeria,unknown
cosmobiologist,1,16,8748,unknown,unknown
eagleyez7,3,7,10000,Ghana,广告和营销机构
Mike_Alex_001,0,6,28,unknown,unknown
Joseph,2,12,27000,unknown,unknown
gopalmote,1,2,217,India,会计师
jorge_utd,0,1,440,United States,unknown
novels_ai,0,5,1,Finland,科技
aine_klaine,0,0,0,unknown,unknown
its_HemantK_,0,2,91,India,Software developer/Programmer/Software engineer
crosssquare,0,3,107,Germany,unknown
thedatagai,0,0,9,unknown,unknown
llm_sec,0,4,115,United States,科技
yukyu30,6,63,632,unknown,unknown
WildBunnyArts,0,10,6526,unknown,艺术家
bell_carri11750,0,0,2,unknown,unknown
washedtones,1,6,633,unknown,企业家
nctrnm,0,1,391,United States,音乐制作人
PhilipSin322,1,1,14,unknown,企业家
miguefuente,0,1,1465,unknown,unknown
Authority_AI,12,64,89,unknown,unknown
stella3860,0,1,747,unknown,unknown
StormDainbold,1,2,43,unknown,unknown
Jorge_Varea,0,4,6,unknown,unknown
gillianrodrigz,0,1,506,unknown,unknown
AmbrosiaPlus,0,0,33,unknown,unknown
Lor_sailing,0,1,67,unknown,unknown
DiegoAlg1,0,4,109,unknown,unknown
RaphaelNakamoto,0,1,131,unknown,unknown
surrosh,0,2,163,unknown,unknown
Walter_frer,0,2,35,unknown,unknown
Khilafahforpak,0,3,360,unknown,unknown
AndreyPolyglott,0,1,1239,unknown,unknown
TraplBert,0,1,3,unknown,unknown
RyCoovert,0,4,195,United States,unknown
rasidelslika,0,0,689,United States,社交媒体影响者
pisnxw,0,0,1,China,unknown
nhOIpdrCiiHnAEm,0,1,5,unknown,unknown
vidyanshdaily,1,17,541,India,unknown
QaziShahidPak,0,0,15,Pakistan,unknown
XSSECID,0,0,1,unknown,unknown
akm19gu,0,2,325,unknown,unknown
RobotJo65692377,0,2,9,unknown,unknown
antonio330,1,1,514,Peru,unknown
arashiguma,0,2,363,unknown,unknown
_joehsn,0,0,13,Egypt,unknown
android_polska,0,7,267000,Poland,媒体和新闻公司
ullysis,0,0,61,unknown,unknown
Safinsiddiquee,0,0,64,India,unknown
Aziz_cityzen,0,1,546,unknown,unknown
PoeticEssences,3,4,707,unknown,unknown
bubbel_haren,0,7,233,unknown,unknown
funkymoney0,0,0,59,unknown,unknown
benchwarmercr7,0,0,10,Spain,娱乐和休闲
ErickJavier_,0,0,679,The Republic of Panama,unknown
markku60906522,2,65,155,unknown,unknown
BalesTJason,4,91,3182,unknown,unknown
KorteKyra,0,0,105,unknown,unknown
WaldoWolff,0,0,196,Nederland,unknown
malikbrixi,0,0,223,Emirats Arabes Unis,娱乐和休闲
sshaniarose,0,0,695,unknown,unknown
Atty_Jen_Miller,0,1,908,unknown,unknown
dan5iqueira,0,8,249,Brazil,unknown
thomasamador,0,2,7,United States,企业家
DavidLe05632255,0,3,1,United States,科技
nopcoeur,0,0,114,Thailand,unknown
arash_dvl,0,0,1,unknown,unknown
NIK3_______,0,1,21,United States,unknown
CcyBhy,0,0,0,unknown,unknown
BucOff,0,0,235,United States,unknown
rulebreaker_rb,0,0,791,India,unknown
johnurbank,0,1,221,unknown,unknown
mamalucapudasuk,1,4,28,United States,unknown
vdveldet,0,1,68,unknown,unknown
gallindoluis,0,9,56,unknown,unknown
Icanonlyraz,0,11,150,unknown,unknown
eLPuToCaRDi,0,0,1466,unknown,unknown
mohamedmahmud,1,4,15000,The Federal Republic of Somalia,媒体和新闻公司
DAPS_1982,0,1,82,unknown,金融服务
038yesdx,0,0,0,unknown,unknown
EFC_Carolinas,1,4,45,United States,unknown
camarcano,1,6,3071,unknown,unknown
arian_yoss,0,8,84,unknown,unknown
tommymiyamotoGT,0,4,515,unknown,unknown
wtf_mooony,1,20,624,Brazil,unknown
OldIrishAle,0,0,1,unknown,unknown
peterkingsbury,0,0,29,Canada,unknown
jgkirkwood2,0,0,1208,United States,unknown
MbegangSylvain,0,0,3,unknown,unknown
Drax2004_,0,2,70,unknown,unknown
mikebret_,1,4,212,Australia,unknown
no1networker,0,2,10000,unknown,unknown
MonstersCoins,96,321,37000,unknown,unknown
SHENBUZHANG1,0,0,0,unknown,unknown
egonegonegon,0,0,19,unknown,unknown
MAamirAhmer,4,23,349,Pakistan,企业家
tomdai08816452,0,0,0,unknown,unknown
BitMakeOfficial,16,82,13000,unknown,社区
_E74AV_,0,3,630,unknown,社区
RezaHvz,0,4,327,unknown,unknown
ShishengHe,0,1,18,unknown,unknown
TheCryptoACC,0,0,39,unknown,unknown
y_u_ueda,1,14,43,Japan,unknown
Jon_Geb,0,39,1935,Germany,unknown
pattsanches_,0,4,9,Brazil,unknown
Vasja,1,1,299,India,unknown
paolodona,0,2,308,Italy,unknown
qzss77,0,12,1629,China,教育
zomamoaz,1,4,68,unknown,unknown
AINewsAitubo,1,6,27,unknown,社区
marcelnguyen,0,0,1001,France,unknown
SecurityWeek,19,32,213000,unknown,unknown
rohitirdala7,0,0,22,India,unknown
thefuninvestor,0,0,16,unknown,unknown
KarelNykles,0,0,68,unknown,unknown
RedJohn1789,0,1,6,unknown,unknown
projectyoutobe,0,1,81,Japan,unknown
MadhuPinninti1,0,22,46,United Kingdom,unknown
TomasSanchezV,12,53,10000,United Kingdom ,媒体和新闻公司
lil_rayms,0,0,349,unknown,unknown
yumelon_k,0,1,10,unknown,unknown
Aziz_SF_AlSaud,12,38,86000,unknown,unknown
Gangstatrader,0,0,269,unknown,unknown
MonikaVenck,0,2,157,unknown,unknown
gort_ai,7,12,568,unknown,unknown
Colorblind_Adam,2,13,9082,unknown,unknown
Anita_Mejzrova,0,1,493,unknown,unknown
prasannshrivas1,0,2,18,unknown,unknown
Peter_Wood_AI,0,3,9,unknown,unknown
BDHancock,2,2,966,unknown,unknown
wpj7x,0,0,0,unknown,unknown
be_egb,0,0,9,unknown,unknown
ever1ofus,1,1,9,Japan,科技
Kuzey,0,7,1322,Canada,unknown
evans_lucida,0,1,59,The Republic of Kenya,unknown
Angel5Angelical,0,0,3,unknown,unknown
moudania,0,0,732,The Hellenic Republic,unknown
BrajBliss,0,1,206,Pakistan,科技
hiroomi_izumi,0,2,281,unknown,unknown
kakinomoto,0,0,583,Japan,unknown
dGenz_,1,4,550,unknown,unknown
AI_BELL_,0,1,0,unknown,unknown
HITESHP58460712,0,0,6,unknown,unknown
immjunaidt,0,1,74,Pakistan,unknown
helicockter420,0,10,146,United States,unknown
D_Friedeman,0,0,282,unknown,unknown
adwait_dhote,0,0,6,Bulgaria,unknown
AIUpdates_,0,1,0,Poland,unknown
rogue30481577,0,1,0,unknown,unknown
piyotaroumen,0,4,436,Japan,unknown
Tora_zooaz,0,1,367,Japan,unknown
aakash_rewari,0,4,80,unknown,unknown
JesseFrom612,0,15,594,United States,unknown
SFCdazza,0,0,178,United Kingdom,unknown
devmercenaire,0,9,57,France,unknown
s_somuah,0,3,612,Ghana,unknown
FlorentVinchon,0,3,193,France,unknown
asbjornbasnes,0,2,158,Norway,unknown
shahrsaz,0,0,45,Iran,unknown
shoja,0,1,133,unknown,unknown
modeler_sasha,0,1,0,Russia,专业服务
Chris_Plant,0,1,524,unknown,unknown
LuisVargasRI,1,7,753,United States,unknown
seafitliu,0,1,8,unknown,unknown
rohitvinaymenon,0,4,94,India,unknown
Igniculus_O,0,1,1,unknown,unknown
MsibiGroup,0,1,8,unknown,金融服务
Z8Trrrt,0,0,41,unknown,unknown
deltadude3266,4,10,1264,Canada,unknown
poyomion,0,2,1421,Japan,unknown
0xMetaNeeR,3,7,940,unknown,企业家
KishanLimbad611,0,0,4,unknown,unknown
xenoverse,0,1,46,United States ,unknown
Flare_dapp,0,0,3,unknown,unknown
ToddBaster,0,1,251,unknown,unknown
petervndr,0,0,122,United States,企业家
cybrpunk_eth,2,31,2135,unknown,unknown
AmericanDad143,0,0,1,unknown,unknown
teatea000000,0,0,4,United States,unknown
jfbrly,0,4,2009,unknown,unknown
QuincyEdmundLee,0,10,538,United States,企业家
okane_kudasai_i,0,1,3,unknown,unknown
Tjcobb281,0,3,18,unknown,unknown
DropDudez,0,1,36,United States,购物和零售
_izubaydah,0,7,4046,United States ,unknown
Avocado_DAO,6,31,750,United States ,社交媒体影响者
nonfungiblemaxi,0,2,1223,United States,unknown
crboutro,0,1,10,Brazil,unknown
selene473098,0,0,7,unknown,unknown
Seqezzy,0,5,122,United States,unknown
yyle521,0,1,2,unknown,unknown
tweetsofjay26,0,3,346,unknown,unknown
luv__nella,0,0,633,unknown,科技
5d0bnpSkLdf0lN9,0,7,205,Japan,unknown
hassanposts,0,7,409,Malaysia,科技
frankgermain,0,0,98,Canada,unknown
cyber_b_mack,0,0,182,unknown,科技
bmunop,0,0,6,unknown,unknown
PTinkerer,1,6,13,unknown,unknown
budai96163969,0,2,26,China,unknown
adam_kronemeyer,0,2,125,United States ,软件公司
openstateview,0,0,72,unknown,unknown
promptsellers,0,2,23,United States ,unknown
TheStuze,2,7,34,United States ,Engineer
SelahaddinCBN,14,38,3928,unknown,unknown
yazashq,0,1,347,United States ,unknown
mimjusticeiro,0,0,2,unknown,unknown
Ismokerugs,0,3,25,unknown,unknown
AI_BusinessNews,0,3,4,unknown,unknown
mfdissent,0,0,416,unknown,unknown
TuringTestChat,0,0,0,unknown,科技
cosmicCLO,0,0,50,unknown,unknown
TheNeuralNetw,0,0,40,Australia,unknown
PowerOfDiet1,0,1,2,Turkey,海事
sharanga_w,0,1,182,Japan,unknown
de_gouville,0,3,530,France,unknown
asmaraz29836254,0,0,102,United States,购物和零售
Earth05fdn,1,1,972,unknown,教育研究中心
ArtificialAds,3,2,36,United Kingdom,广告和营销机构
zuiqukuai,0,0,220,China,社交媒体影响者
Quahuay,0,4,50,unknown,unknown
kloudniche,0,0,13,unknown,unknown
Kingston_2108,0,0,0,unknown,unknown
alecwilcock_,0,8,488,unknown,unknown
AlexBeaurepaire,0,2,86,unknown,unknown
AstroRamiEmad,1,18,1989,unknown,unknown
As_Sabbirin,1,1,1441,unknown,unknown
antablywael,0,0,272,unknown,unknown
Cosmiaou,0,1,13,unknown,unknown
Promptfy_io,4,12,10,unknown,unknown
dotdust,0,0,225,unknown,unknown
ivanJc42,0,4,26,unknown,unknown
clipnote_ai,0,1,21,unknown,unknown
harshitbudhraja,0,3,356,India,unknown
poeboston,0,2,1754,United States,unknown
BoteKidApp,1,2,2,unknown,移动应用程序
Pampis_Clavijo,0,2,50,unknown,unknown
WJ_Web3_Flow,0,7,27,unknown,企业家
Kokon0tfound,0,13,223,unknown,unknown
Pedro_IA18,4,6,13,Spain,unknown
cookiepuccociti,0,0,24,Turkey,unknown
DreamWalkertune,0,1,69,unknown,unknown
carlosito_nt,4,4,13,Spain,unknown
klausmandal,0,0,127,unknown,unknown
Richard_Weiss62,0,1,592,Spain,unknown
Saruhan_Abi,0,0,171,unknown,unknown
Midarnews,46,452,7114,United Arab Emirates,媒体和新闻公司
RandallSPQR,1,26,511,United States ,unknown
AiBkbAssoc,1,12,9,unknown,体育、健身和娱乐
GuarnaMarco,0,1,41,Italy,unknown
AIGenIncome,0,0,22,unknown,unknown
AsbirVkp,0,1,73,unknown,unknown
gptrecommends,0,7,1,unknown,娱乐和休闲
Sun_MLP,1,51,1393,unknown,unknown
maciejsoltysiak,0,1,766,United States ,unknown
vanipratiwi,0,0,1053,unknown,unknown
alistairmbarr,2,15,7121,United States,unknown
NusratMedicine,3,3,1949,United Kingdom,unknown
bisosyalles,0,2,343,Turkey,unknown
mateomd_dev,0,1,6,United Kingdom,unknown
tomaszwyluda,5,117,14000,unknown,金融服务
_shoreport,0,2,8,unknown,unknown
cesar_7ch,0,0,734,unknown,unknown
theonida,0,0,2,unknown,unknown
ErChatgpt,4,73,9,unknown,unknown
esijallo,0,0,41,Nigeria,unknown
flordebuenuda,0,3,432,Argentina ,unknown
SarahAfreenMal1,0,1,2280,Pakistan,unknown
MaximoBXL,0,1,2948,Belgium,unknown
mejasonatkinson,0,0,243,United Kingdom,unknown
3_14_159_,0,2,44,unknown,社区
radiojibi,1,20,63000,unknown,unknown
jivikau,1,46,4715,unknown,unknown
TRamiere,0,1,56,France,unknown
Real_Thushaakar,1,1,4,unknown,unknown
D_Ladouceur,0,0,21000,United States,unknown
dylan_yeoman,0,0,175,Australia,企业家
itsrealAJB,0,2,218,United States,科技
DARKNETMENT,8,66,539,Japan,unknown
cowieandrew,0,1,1165,New Zealand,unknown
TheRhysCJ,0,0,4,United States,社交媒体影响者
sushansht,0,1,355,unknown,unknown
YHagnere,1,3,95,Tailand,金融服务
ReusVisser,5,17,1437,The Netherlands,unknown
Steve_S_Wang,0,0,197,United States,unknown
thread_markt,0,3,1,unknown,企业家
cobanokan,0,0,170,unknown,unknown
Sattyamjjain,0,2,23,India,unknown
Coach_Hustle,0,0,157,United States,unknown