﻿name,users,latitude,longitude,region
Argentina,1,-38.4161,-63.6167,Latin America & the Caribbean
Argentina,1,-38.4161,-63.6167,Latin America & the Caribbean
Australia,9,-25.2744,133.7751,East Asia & Pacific
Austria,2,47.5162,14.5501,Europe & Central Asia
Bangladesh,1,23.685,90.3563,South Asia
Belgium,2,50.5039,4.4699,Europe & Central Asia
Slovakia,1,48.669,19.699,Europe & Central Asia
Brazil,7,-14.235,-51.9253,Latin America & the Caribbean
Bulgaria,1,42.7339,25.4858,Europe & Central Asia
Canada,10,56.1304,-106.3468,North America
China,9,35.8617,104.1954,East Asia & Pacific
Cyprus,1,35.1264,33.4299,Europe & Central Asia
Czech republic,1,49.8175,15.473,Europe & Central Asia
Denmark,1,56.2639,9.5018,Europe & Central Asia
Egypt,2,26.8206,30.8025,Middle East & North Africa
Saudi Arabia,3,23.8859,45.0792,Middle East & North Africa
Finland,1,61.9241,25.7482,Europe & Central Asia
France,9,46.6034,1.8883,Europe & Central Asia
Georgia,1,42.3154,43.3569,Europe & Central Asia
Germany,8,51.1657,10.4515,Europe & Central Asia
Ghana,2,7.9465,-1.0232,Sub-Saharan Africa
India,20,20.5937,78.9629,South Asia
Indonesia,4,-0.7893,113.9213,East Asia & Pacific
Iran,1,32.4279,53.688,Middle East & North Africa
Ireland,2,53.4129,-8.2439,Europe & Central Asia
Italy,4,41.8719,12.5674,Europe & Central Asia
Jamaica,1,18.1096,-77.2975,Latin America & the Caribbean
Japan,34,36.2048,138.2529,East Asia & Pacific
North Korea,1,40.3399,127.5101,East Asia & Pacific
Lesotho,1,-29.61,28.2336,Sub-Saharan Africa
Malaysia,1,4.2105,101.9758,East Asia & Pacific
Maldives,1,3.2028,73.2207,South Asia
Netherlands,5,52.1326,5.2913,Europe & Central Asia
New Zealand,4,-40.9006,174.886,East Asia & Pacific
Nigeria,4,9.082,8.6753,Sub-Saharan Africa
Norway,1,60.472,8.4689,Europe & Central Asia
Pakistan,7,30.3753,69.3451,South Asia
Peru,1,-9.19,-75.0152,Latin America & the Caribbean
Poland,5,51.9194,19.1451,Europe & Central Asia
Portugal,1,39.3999,-8.2245,Europe & Central Asia
Malta,1,35.9375,14.3754,Europe & Central Asia
Russia,1,61.524,105.3188,Europe & Central Asia
Singapore,1,1.3524,103.8198,East Asia & Pacific
Slovenia,1,46.1512,14.9955,Europe & Central Asia
Spain,9,40.4637,-3.7492,Europe & Central Asia
Sri Lanka,1,7.8731,80.7718,South Asia
Sweden,2,60.1282,18.6435,Europe & Central Asia
Switzerland,2,46.8182,8.2275,Europe & Central Asia
Thailand,2,15.87,100.9925,East Asia & Pacific
Somalia,1,5.1521,46.1996,Sub-Saharan Africa
Greece,1,39.0742,21.8243,Europe & Central Asia
Kenya,1,-0.0236,37.9062,Sub-Saharan Africa
Panama,1,8.538,-80.7821,Latin America & the Caribbean
Turkey,4,38.9637,35.2433,Europe & Central Asia
Ukraine,1,48.3794,31.1656,Europe & Central Asia
United Arab Emirates,1,23.4241,53.8478,Middle East & North Africa
United Kingdom,15,55.3781,-3.436,Europe & Central Asia
United States,84,37.0902,-95.7129,North America