name,list,followerLocal,following,follower,location,profession,selfIntro,X,Y
karpathy,"['ylecun', 'fchollet', '_akhaliq', 'soumithchintala', 'jeremyphoward', 'arankomatsuzaki', 'DrJimFan', 'ai__pub', 'gdb', 'AndrewYNg', 'elonmusk']",14,811,708.0k,Stanford,,"Building a kind of JARVIS @ OреոΑӏ. Previously Director of AI @ Tesla, CS231n, PhD @ Stanford. I like to train large deep neural nets ",500,250
ylecun,"['_akhaliq', 'alfcnz', 'soumithchintala', 'jeremyphoward', 'DrJimFan', 'AiBreakfast', 'ai__pub', 'fchollet', 'elonmusk', 'karpathy', 'AndrewYNg']",13,608,491.0k,New York,科技,"Professor at NYU. Chief AI Scientist at Meta.
Researcher in AI, Machine Learning, Robotics, etc.
ACM Turing Award Laureate.",486,331
fchollet,"['ylecun', 'jeremyphoward', 'gdb', 'karpathy', 'AndrewYNg', 'elonmusk']",11,739,389.0k,United States,,Deep learning ,447,403
gdb,"['karpathy', 'fchollet', 'soumithchintala', 'elonmusk']",14,66,332.0k,,,President & Co-Founder ,386,459
AndrewYNg,"['ylecun', 'fchollet', '_akhaliq', 'omarsar0', 'soumithchintala', 'jeremyphoward', 'DrJimFan', 'AiBreakfast', 'AlphaSignalAI', 'gdb', 'karpathy']",11,703,791.0k,"Palo Alto, CA",,Co-Founder of Coursera; Stanford CS adjunct faculty. Former head of Baidu AI Group/Google Brain. ,311,492
_akhaliq,"['arankomatsuzaki', 'alfcnz', 'soumithchintala', 'jeremyphoward', 'abhi1thakur', 'DrJimFan', 'omarsar0', 'ylecun', 'fchollet', 'gdb', 'karpathy', 'AndrewYNg', 'elonmusk']",13,"1,754",170.0k,subscribe → ,科技,"paper tweets, ML ",229,499
omarsar0,"['ylecun', '_akhaliq', 'DrJimFan', 'abhi1thakur', 'jeremyphoward', 'ai__pub', 'soumithchintala', 'AndrewYNg', 'gdb', 'karpathy']",9,366,135.0k,,科技,Machine Learning & NLP • Building ,149,478
DrJimFan,"['_akhaliq', 'ai__pub', 'arankomatsuzaki', 'AlphaSignalAI', 'AiBreakfast', 'alfcnz', 'omarsar0', 'abhi1thakur', 'elonmusk', 'jeremyphoward', 'soumithchintala', 'fchollet', 'gdb', 'ylecun', 'AndrewYNg', 'karpathy']",13,"2,621",87.0k,Views my own. Get in touch →,科技, AI Scientist. ,80,433
ai__pub,"['karpathy', 'ylecun', '_akhaliq', 'fchollet', 'gdb', 'DrJimFan', 'omarsar0', 'AlphaSignalAI', 'arankomatsuzaki', 'jeremyphoward', 'AiBreakfast', 'soumithchintala', 'abhi1thakur', 'AndrewYNg']",7,345,65.0k,"San Francisco, CA",,"AI papers and AI research explained, for technical people. Get hired by the best AI companies: ",30,368
AiBreakfast,"['karpathy', 'gdb', '_akhaliq', 'DrJimFan', 'omarsar0', 'ai__pub', 'AlphaSignalAI', 'AndrewYNg', 'elonmusk']",5,0,72.0k,"Join 31,000 on the newsletter→",,"The latest developments in the world of artificial intelligence, explained.",3,291
soumithchintala,"['ylecun', 'alfcnz', 'jeremyphoward', 'omarsar0', 'DrJimFan', 'elonmusk', 'gdb', 'karpathy']",13,682,130.0k,New York City,,Cofounded and lead ,3,208
alfcnz,"['ylecun', '_akhaliq', 'soumithchintala', 'DrJimFan', 'fchollet', 'AndrewYNg']",4,264,57.0k,New York University,,"Musician, math lover, cook, dancer, ",30,131
AlphaSignalAI,"['karpathy', 'ylecun', '_akhaliq', 'fchollet', 'omarsar0', 'DrJimFan', 'gdb', 'ai__pub', 'AiBreakfast', 'arankomatsuzaki', 'soumithchintala', 'jeremyphoward']",5,505,52.0k,Signup (it's free) →,,"Covering the latest breakthroughs in AI ⟶ ML Engineer | Ex-AI researcher at Mila. Founded AlphaSignal, a newsletter read by 75,000+ AI researchers/engineers",80,66
jeremyphoward,"['fchollet', 'ylecun', '_akhaliq', 'omarsar0', 'soumithchintala', 'abhi1thakur', 'arankomatsuzaki', 'AlphaSignalAI', 'DrJimFan', 'ai__pub', 'AndrewYNg', 'gdb', 'karpathy']",11,"3,676",177.0k,"Brisbane/Queensland, Australia",, Co-founder: ,149,21
arankomatsuzaki,"['_akhaliq', 'DrJimFan', 'soumithchintala', 'gdb', 'karpathy']",7,78,50.0k,,科技,"ML PhD @ GaTech, DuckAI, EleutherAI, LAION.",229,0
abhi1thakur,"['fchollet', 'ylecun', 'omarsar0', '_akhaliq', 'jeremyphoward', 'soumithchintala', 'gdb', 'DrJimFan', 'arankomatsuzaki', 'elonmusk', 'karpathy', 'AndrewYNg']",5,597,67.0k,127.0.0.1,科技,I build AutoTrain ,311,7
elonmusk,"['_akhaliq', 'ylecun', 'gdb']",11,245,1.3亿,Trøllheim,,nothing,386,40
SecurityWeek,['elonmusk'],0,"2,854",213.0k,"Global, Cybersecurity, Infosec",媒体和新闻公司,"Cybersecurity News, Threats, Insights and Expert Analysis: ",447,96
Aziz_SF_AlSaud,['elonmusk'],0,470,86.0k,في أرض الله الواسعة,企业家,أشهد أن لا إله إلا الله وحده لا شريك له، وأن محمدا عبده ورسوله، وأن عيسى عبد الله، وابن أمته، وكلمته ألقاها إلى مريم وروح منه، وأن الجنة حق وأن النار حق,486,168
